name,category,url
Black Crossbody Bag,Bags & Accessories,https://res.cloudinary.com/dipchhasm/image/upload/v1760954709/Black_Crossbody_Bag_ki73xo.png
Black Derby Shoes,Shoes,https://res.cloudinary.com/dipchhasm/image/upload/v1760954709/Black_Derby_Shoes_vbodoz.png
Black Backpack,Bags & Accessories,https://res.cloudinary.com/dipchhasm/image/upload/v1760954708/Black_Backpack_xusgw6.png
Berry Pleated Skirt,Skirts,https://res.cloudinary.com/dipchhasm/image/upload/v1760954708/Berry_Pleated_Skirt_te1xza.png
black corduroy pants,Trousers & Pants,https://res.cloudinary.com/dipchhasm/image/upload/v1760954708/black_corduroy_pants_iwpimn.jpg
Black Aviators,Bags & Accessories,https://res.cloudinary.com/dipchhasm/image/upload/v1760954708/Black_Aviators_rwu4gi.png
Berry Peplum Top,Blouses & Tops,https://res.cloudinary.com/dipchhasm/image/upload/v1760954708/Berry_Peplum_Top_iz388u.jpg
Berry Necktie,Scarves & Ties,https://res.cloudinary.com/dipchhasm/image/upload/v1760954691/Berry_Necktie_ozuaxl.png
Berry Henley,T-Shirts & Casual Tops,https://res.cloudinary.com/dipchhasm/image/upload/v1760954691/Berry_Henley_buplvv.jpg
Berry cardigan,Sweaters & Knits,https://res.cloudinary.com/dipchhasm/image/upload/v1760954691/Berry_cardigan_pngfdm.jpg
Beige Wool Coat,Coats,https://res.cloudinary.com/dipchhasm/image/upload/v1760954691/Beige_Wool_Coat_fptkdk.png
BeigeTote Bag,Bags & Accessories,https://res.cloudinary.com/dipchhasm/image/upload/v1760954691/BeigeTote_Bag_bp7qk1.png
Beige Wide-Leg Jumpsuit,Jumpsuits & Rompers,https://res.cloudinary.com/dipchhasm/image/upload/v1760954691/Beige_Wide-Leg_Jumpsuit_awnnsh.png
Beige Scarf,Scarves & Ties,https://res.cloudinary.com/dipchhasm/image/upload/v1760954691/Beige_Scarf_dhmtcr.png
Beige Strappy Heels,Shoes,https://res.cloudinary.com/dipchhasm/image/upload/v1760954691/Beige_Strappy_Heels_ntp27b.png
Beige Leather Jacket,Blazers & Jackets,https://res.cloudinary.com/dipchhasm/image/upload/v1760954690/Beige_Leather_Jacket_ffwqhk.png
beige jeans,Jeans & Denim,https://res.cloudinary.com/dipchhasm/image/upload/v1760954671/beige_jeans_hh7was.jpg
Beige Chino,Trousers & Pants,https://res.cloudinary.com/dipchhasm/image/upload/v1760954671/Beige_Chino_zurhpk.jpg
Beige Dress Shirt,Shirts,https://res.cloudinary.com/dipchhasm/image/upload/v1760954671/Beige_Dress_Shirt_iesqwz.jpg
beige chino shorts,Shorts,https://res.cloudinary.com/dipchhasm/image/upload/v1760954670/beige_chino_shorts_en6qft.jpg
Beige Casual Loafers,Shoes,https://res.cloudinary.com/dipchhasm/image/upload/v1760954670/Beige_Casual_Loafers_pjqzae.png
White Ballet Flats,Shoes,https://res.cloudinary.com/dipchhasm/image/upload/v1760954670/White_Ballet_Flats_t8aoin.png
Army Green V-Neck Jumpsuit,Jumpsuits & Rompers,https://res.cloudinary.com/dipchhasm/image/upload/v1760954670/Army_Green_V-Neck_Jumpsuit_unfuga.png
Warm red polo,Shirts,https://res.cloudinary.com/dipchhasm/image/upload/v1760954670/Warm_red_polo_cglo7g.jpg
Warm Ivory Evening Clutch,Bags & Accessories,https://res.cloudinary.com/dipchhasm/image/upload/v1760954670/Warm_Ivory_Evening_Clutch_erudrt.png
Warm Ivory Tee,T-Shirts & Casual Tops,https://res.cloudinary.com/dipchhasm/image/upload/v1760954670/Warm_Ivory_Tee_i54vtr.jpg
Warm Ivory Sleeveless Cocktail Dress,Dresses,https://res.cloudinary.com/dipchhasm/image/upload/v1760954670/Warm_Ivory_Sleeveless_Cocktail_Dress_tnp4mv.png
Warm Ivory Blouse,Blouses & Tops,https://res.cloudinary.com/dipchhasm/image/upload/v1760954661/Warm_Ivory_Blouse_fb1qe9.jpg
Warm Beige Slacks,Trousers & Pants,https://res.cloudinary.com/dipchhasm/image/upload/v1760954660/Warm_Beige_Slacks_la6xxj.jpg
Warm Beige Shoulder Bag,Bags & Accessories,https://res.cloudinary.com/dipchhasm/image/upload/v1760954658/Warm_Beige_Shoulder_Bag_pkp9hg.png
Warm Beige High-Waist Skirt,Skirts,https://res.cloudinary.com/dipchhasm/image/upload/v1760954658/Warm_Beige_High-Waist_Skirt_l8vfil.png
Warm beige cardigan,Sweaters & Knits,https://res.cloudinary.com/dipchhasm/image/upload/v1760954658/Warm_beige_cardigan_czekki.jpg
Tobacco Brown Jeans,Jeans & Denim,https://res.cloudinary.com/dipchhasm/image/upload/v1760954649/Tobacco_Brown_Jeans_tf3zxl.jpg
Terracotta sweater,Sweaters & Knits,https://res.cloudinary.com/dipchhasm/image/upload/v1760954640/Terracotta_sweater_ovjl1k.jpg
Terracotta Wrap Top,Blouses & Tops,https://res.cloudinary.com/dipchhasm/image/upload/v1760954640/Terracotta_Wrap_Top_l8qcun.jpg
Terracotta Shorts,Shorts,https://res.cloudinary.com/dipchhasm/image/upload/v1760954639/Terracotta_Shorts_yrnnkp.jpg
Terracotta Mules,Shoes,https://res.cloudinary.com/dipchhasm/image/upload/v1760954639/Terracotta_Mules_mkvmt7.png
Terracotta Midi Dress,Dresses,https://res.cloudinary.com/dipchhasm/image/upload/v1760954639/Terracotta_Midi_Dress_mzqr8b.jpg
Terracotta Denim Jacket,Blazers & Jackets,https://res.cloudinary.com/dipchhasm/image/upload/v1760954639/Terracotta_Denim_Jacket_owtqol.png
Teal Wrap Top,Blouses & Tops,https://res.cloudinary.com/dipchhasm/image/upload/v1760954639/Teal_Wrap_Top_uqvetv.jpg
Terracotta Graphic Shirt,T-Shirts & Casual Tops,https://res.cloudinary.com/dipchhasm/image/upload/v1760954639/Terracotta_Graphic_Shirt_ct0dcy.jpg
Terracotta Dress Pants,Trousers & Pants,https://res.cloudinary.com/dipchhasm/image/upload/v1760954639/Terracotta_Dress_Pants_dqbbjy.jpg
Terracotta Belted Jumpsuit,Jumpsuits & Rompers,https://res.cloudinary.com/dipchhasm/image/upload/v1760954639/Terracotta_Belted_Jumpsuit_qfz7ym.jpg
Terracotta A-Line Skirt,Skirts,https://res.cloudinary.com/dipchhasm/image/upload/v1760954639/Terracotta_A-Line_Skirt_e1nuyt.jpg
Teal V-Neck Wrapped Jumpsuit,Jumpsuits & Rompers,https://res.cloudinary.com/dipchhasm/image/upload/v1760954621/Teal_V-Neck_Wrapped_Jumpsuit_br57nq.png
Teal Sleeveless Maxi Dress,Dresses,https://res.cloudinary.com/dipchhasm/image/upload/v1760954621/Teal_Sleeveless_Maxi_Dress_m3klv4.png
Teal sweater,Sweaters & Knits,https://res.cloudinary.com/dipchhasm/image/upload/v1760954621/Teal_sweater_zg1qq8.jpg
teal shorts,Shorts,https://res.cloudinary.com/dipchhasm/image/upload/v1760954621/teal_shorts_m33dub.jpg
Teal Midi Skirt,Skirts,https://res.cloudinary.com/dipchhasm/image/upload/v1760954621/Teal_Midi_Skirt_qrep7g.png
Taupe Wedge Sandals,Shoes,https://res.cloudinary.com/dipchhasm/image/upload/v1760954620/Taupe_Wedge_Sandals_qpypeu.png
Teal Chambray,Shirts,https://res.cloudinary.com/dipchhasm/image/upload/v1760954621/Teal_Chambray_odcv34.jpg
Teal Graphic Tee,T-Shirts & Casual Tops,https://res.cloudinary.com/dipchhasm/image/upload/v1760954621/Teal_Graphic_Tee_fljwl6.jpg
Teal Cargo Pants,Trousers & Pants,https://res.cloudinary.com/dipchhasm/image/upload/v1760954620/Teal_Cargo_Pants_who1ly.jpg
Taupe Sneakers,Shoes,https://res.cloudinary.com/dipchhasm/image/upload/v1760954620/Taupe_Sneakers_yogepv.png
Taupe Slacks,Trousers & Pants,https://res.cloudinary.com/dipchhasm/image/upload/v1760954620/Taupe_Slacks_dg7h1b.jpg
Taupe Pencil Skirt,Skirts,https://res.cloudinary.com/dipchhasm/image/upload/v1760954612/Taupe_Pencil_Skirt_qcnsly.png
Taupe Collared Shirt Dress,Dresses,https://res.cloudinary.com/dipchhasm/image/upload/v1760954610/Taupe_Collared_Shirt_Dress_kc8lqz.png
Taupe Parka,Coats,https://res.cloudinary.com/dipchhasm/image/upload/v1760954610/Taupe_Parka_cquvzu.png
Taupe Crossbody Bag,Bags & Accessories,https://res.cloudinary.com/dipchhasm/image/upload/v1760954609/Taupe_Crossbody_Bag_kxlghf.png
Taupe Bomber Jacket,Blazers & Jackets,https://res.cloudinary.com/dipchhasm/image/upload/v1760954609/Taupe_Bomber_Jacket_uxnsw3.png
Tan Wide Leg,Trousers & Pants,https://res.cloudinary.com/dipchhasm/image/upload/v1760954609/Tan_Wide_Leg_ggicvj.jpg
Tan Trench Coat,Coats,https://res.cloudinary.com/dipchhasm/image/upload/v1760954594/Tan_Trench_Coat_wacl0d.png
Tan Leather Handbag,Bags & Accessories,https://res.cloudinary.com/dipchhasm/image/upload/v1760954586/Tan_Leather_Handbag_xhuwa3.png
Tan Brogues,Shoes,https://res.cloudinary.com/dipchhasm/image/upload/v1760954586/Tan_Brogues_vf9htw.png
Tan Leather Belt,Bags & Accessories,https://res.cloudinary.com/dipchhasm/image/upload/v1760954586/Tan_Leather_Belt_xsc4kd.png
Tan Bomber Jacket,Blazers & Jackets,https://res.cloudinary.com/dipchhasm/image/upload/v1760954586/Tan_Bomber_Jacket_npdsas.png
Tan Block Heels,Shoes,https://res.cloudinary.com/dipchhasm/image/upload/v1760954585/Tan_Block_Heels_pvao4c.png
stone washed jeans,Jeans & Denim,https://res.cloudinary.com/dipchhasm/image/upload/v1760954585/stone_washed_jeans_edmnco.jpg
Stone V-Neck Top,Blouses & Tops,https://res.cloudinary.com/dipchhasm/image/upload/v1760954585/Stone_V-Neck_Top_tsz58c.jpg
Stone Tote Bag,Bags & Accessories,https://res.cloudinary.com/dipchhasm/image/upload/v1760954585/Stone_Tote_Bag_hdyzux.png
Stone turtleneck,Sweaters & Knits,https://res.cloudinary.com/dipchhasm/image/upload/v1760954585/Stone_turtleneck_yyhf1a.jpg
Stone Slip-Ons,Shoes,https://res.cloudinary.com/dipchhasm/image/upload/v1760954585/Stone_Slip-Ons_iyjuk5.png
Stone Espadrilles,Shoes,https://res.cloudinary.com/dipchhasm/image/upload/v1760954585/Stone_Espadrilles_mccray.png
Stone Corduroy Jacket,Blazers & Jackets,https://res.cloudinary.com/dipchhasm/image/upload/v1760954585/Stone_Corduroy_Jacket_mdip9w.png
Stone Dress Pants,Trousers & Pants,https://res.cloudinary.com/dipchhasm/image/upload/v1760954585/Stone_Dress_Pants_r1oays.jpg
Stone Chambray,Shirts,https://res.cloudinary.com/dipchhasm/image/upload/v1760954566/Stone_Chambray_j44vq9.jpg
Stone Boat Neck Top,Blouses & Tops,https://res.cloudinary.com/dipchhasm/image/upload/v1760954566/Stone_Boat_Neck_Top_atzb34.jpg
Stone Bermuda Shorts,Shorts,https://res.cloudinary.com/dipchhasm/image/upload/v1760954566/Stone_Bermuda_Shorts_jbiogr.jpg
Stone A-Line Skirt,Skirts,https://res.cloudinary.com/dipchhasm/image/upload/v1760954566/Stone_A-Line_Skirt_i4lyxl.png
Soft taupe sweater,Sweaters & Knits,https://res.cloudinary.com/dipchhasm/image/upload/v1760954566/Soft_taupe_sweater_trwfrh.jpg
Soft Taupe Ruffled Blouse,Blouses & Tops,https://res.cloudinary.com/dipchhasm/image/upload/v1760954566/Soft_Taupe_Ruffled_Blouse_fezsg7.jpg
Soft Gray Oxford,Shirts,https://res.cloudinary.com/dipchhasm/image/upload/v1760954566/Soft_Gray_Oxford_hgacmj.jpg
Slate Wool Coat,Coats,https://res.cloudinary.com/dipchhasm/image/upload/v1760954566/Slate_Wool_Coat_oxedhu.png
Soft Taupe Henley,T-Shirts & Casual Tops,https://res.cloudinary.com/dipchhasm/image/upload/v1760954566/Soft_Taupe_Henley_psifsd.jpg
Slate Chino,Trousers & Pants,https://res.cloudinary.com/dipchhasm/image/upload/v1760954566/Slate_Chino_ssg3ag.jpg
Slate Bomber Jacket,Blazers & Jackets,https://res.cloudinary.com/dipchhasm/image/upload/v1760954565/Slate_Bomber_Jacket_ku6b6e.png
Slate Cargo Shorts,Shorts,https://res.cloudinary.com/dipchhasm/image/upload/v1760954565/Slate_Cargo_Shorts_eixas7.jpg
Silver Watch,Bags & Accessories,https://res.cloudinary.com/dipchhasm/image/upload/v1760954565/Silver_Watch_ncxter.png
Silver Stackable Rings,Bags & Accessories,https://res.cloudinary.com/dipchhasm/image/upload/v1760954565/Silver_Stackable_Rings_zs5ebq.png
Screenshot,Uncategorized,https://res.cloudinary.com/dipchhasm/image/upload/v1760954548/Screenshot_2025-10-19_213822_xe8o2h.png
Screenshot,Uncategorized,https://res.cloudinary.com/dipchhasm/image/upload/v1760954548/Screenshot_2025-10-19_223617_r8mgva.png
Screenshot,Uncategorized,https://res.cloudinary.com/dipchhasm/image/upload/v1760954548/Screenshot_2025-10-19_204939_swx87d.png
Screenshot,Uncategorized,https://res.cloudinary.com/dipchhasm/image/upload/v1760954547/Screenshot_2025-10-19_201746_hsx8td.png
Screenshot,Uncategorized,https://res.cloudinary.com/dipchhasm/image/upload/v1760954547/Screenshot_2025-10-19_164402_tchlbc.png
Sapphire Wrap Skirt,Skirts,https://res.cloudinary.com/dipchhasm/image/upload/v1760954547/Sapphire_Wrap_Skirt_ov3bw2.png
Sapphire V-Neck Wrap Dress,Dresses,https://res.cloudinary.com/dipchhasm/image/upload/v1760954547/Sapphire_V-Neck_Wrap_Dress_n5efpl.png
Sapphire Ruffled Blouse,Blouses & Tops,https://res.cloudinary.com/dipchhasm/image/upload/v1760954547/Sapphire_Ruffled_Blouse_wpxpb7.jpg
Sapphire A-Line Day Dress,Dresses,https://res.cloudinary.com/dipchhasm/image/upload/v1760954547/Sapphire_A-Line_Day_Dress_k5ot40.png
Sage Pleated Skirt,Skirts,https://res.cloudinary.com/dipchhasm/image/upload/v1760954547/Sage_Pleated_Skirt_oqh8ld.png
Sage Striped Tee,T-Shirts & Casual Tops,https://res.cloudinary.com/dipchhasm/image/upload/v1760954547/Sage_Striped_Tee_mnhqel.jpg
Sage Necktie,Scarves & Ties,https://res.cloudinary.com/dipchhasm/image/upload/v1760954547/Sage_Necktie_x8b1qj.png
Sage Off-Shoulder Top,Blouses & Tops,https://res.cloudinary.com/dipchhasm/image/upload/v1760954547/Sage_Off-Shoulder_Top_w2ipka.jpg
Sage Knit Bodycon Dress,Dresses,https://res.cloudinary.com/dipchhasm/image/upload/v1760954546/Sage_Knit_Bodycon_Dress_dcnesj.png
Sage Green Utility Jacket,Blazers & Jackets,https://res.cloudinary.com/dipchhasm/image/upload/v1760954378/Sage_Green_Utility_Jacket_lo69cl.png
Sage green sweater,Sweaters & Knits,https://res.cloudinary.com/dipchhasm/image/upload/v1760954378/Sage_green_sweater_tkut7s.jpg
Sage Cullote Jumpsuit,Jumpsuits & Rompers,https://res.cloudinary.com/dipchhasm/image/upload/v1760954378/Sage_Cullote_Jumpsuit_btwvel.png
Sage Green Linen,Shirts,https://res.cloudinary.com/dipchhasm/image/upload/v1760954378/Sage_Green_Linen_nbdlss.jpg
Sage Cargo Shorts,Shorts,https://res.cloudinary.com/dipchhasm/image/upload/v1760954377/Sage_Cargo_Shorts_ei35lq.jpg
Rust V-Neck Top,Blouses & Tops,https://res.cloudinary.com/dipchhasm/image/upload/v1760954377/Rust_V-Neck_Top_qjqmmc.jpg
sage cargo pants,Trousers & Pants,https://res.cloudinary.com/dipchhasm/image/upload/v1760954377/sage_cargo_pants_isy8hb.jpg
Rust Peacoat,Coats,https://res.cloudinary.com/dipchhasm/image/upload/v1760954377/Rust_Peacoat_el6h9i.png
Rust Corduroy Jacket,Blazers & Jackets,https://res.cloudinary.com/dipchhasm/image/upload/v1760954377/Rust_Corduroy_Jacket_wpxobz.png
Rust Chino,Trousers & Pants,https://res.cloudinary.com/dipchhasm/image/upload/v1760954377/Rust_Chino_pv77mv.jpg
Rust Midi Skirt,Skirts,https://res.cloudinary.com/dipchhasm/image/upload/v1760954377/Rust_Midi_Skirt_lmcmob.jpg
Rust Denim,Jeans & Denim,https://res.cloudinary.com/dipchhasm/image/upload/v1760954377/Rust_Denim_tad3hr.jpg
Rust cable knit,Sweaters & Knits,https://res.cloudinary.com/dipchhasm/image/upload/v1760954377/Rust_cable_knit_zetvdq.jpg
Rust brushed linen shirt,Shirts,https://res.cloudinary.com/dipchhasm/image/upload/v1760954377/Rust_brushed_linen_shirt_lsrccj.jpg
Rust Bodycon Midi Dress,Dresses,https://res.cloudinary.com/dipchhasm/image/upload/v1760954365/Rust_Bodycon_Midi_Dress_qdetgj.png
Rust Boat Neck Top,Blouses & Tops,https://res.cloudinary.com/dipchhasm/image/upload/v1760954337/Rust_Boat_Neck_Top_tr9kfj.jpg
Rust Bermuda Shorts,Shorts,https://res.cloudinary.com/dipchhasm/image/upload/v1760954337/Rust_Bermuda_Shorts_ox4fst.jpg
Royal Blue Sleeveless Fit-and-Flare Dress,Dresses,https://res.cloudinary.com/dipchhasm/image/upload/v1760954337/Royal_Blue_Sleeveless_Fit-and-Flare_Dress_ctmgiv.png
Royal Blue Button-Down,Shirts,https://res.cloudinary.com/dipchhasm/image/upload/v1760954337/Royal_Blue_Button-Down_jfie9g.jpg
Rose Gold Accent Tie,Scarves & Ties,https://res.cloudinary.com/dipchhasm/image/upload/v1760954337/Rose_Gold_Accent_Tie_vasbn9.png
Plum Suede Jacket,Blazers & Jackets,https://res.cloudinary.com/dipchhasm/image/upload/v1760954337/Plum_Suede_Jacket_mw4h9j.png
Red V-neck Culotte Jumpsuit,Jumpsuits & Rompers,https://res.cloudinary.com/dipchhasm/image/upload/v1760954337/Red_V-neck_Culotte_Jumpsuit_zitn0v.jpg
Plum Peacoat,Coats,https://res.cloudinary.com/dipchhasm/image/upload/v1760954337/Plum_Peacoat_ofq6zr.png
Plum Mary Jane Heels,Shoes,https://res.cloudinary.com/dipchhasm/image/upload/v1760954336/Plum_Mary_Jane_Heels_dqtox8.png
Plum Clutch,Bags & Accessories,https://res.cloudinary.com/dipchhasm/image/upload/v1760954336/Plum_Clutch_j9giip.png
plum leather pants,Trousers & Pants,https://res.cloudinary.com/dipchhasm/image/upload/v1760954336/plum_leather_pants_ugvars.jpg
Plum Boat Shoes,Shoes,https://res.cloudinary.com/dipchhasm/image/upload/v1760954336/Plum_Boat_Shoes_amgvwk.png
Periwinkle Shift Dress,Dresses,https://res.cloudinary.com/dipchhasm/image/upload/v1760954336/Periwinkle_Shift_Dress_h4e12h.png
Periwinkle Off Shoulder top,Blouses & Tops,https://res.cloudinary.com/dipchhasm/image/upload/v1760954336/Periwinkle_Off_Shoulder_top_dhbqmk.jpg
Olive Utility Jacket,Blazers & Jackets,https://res.cloudinary.com/dipchhasm/image/upload/v1760954323/Olive_Utility_Jacket_lkebsx.png
Periwinkle Dress Shirt,Shirts,https://res.cloudinary.com/dipchhasm/image/upload/v1760954323/Periwinkle_Dress_Shirt_w4kfng.jpg
Peach oxford shirt,Shirts,https://res.cloudinary.com/dipchhasm/image/upload/v1760954323/Peach_oxford_shirt_kjview.jpg
Peach Halter Sundress,Dresses,https://res.cloudinary.com/dipchhasm/image/upload/v1760954323/Peach_Halter_Sundress_jj980v.png
Pastel Pink Ruffled Shirt,Shirts,https://res.cloudinary.com/dipchhasm/image/upload/v1760954323/Pastel_Pink_Ruffled_Shirt_hj7dsu.jpg
Olive Parka,Coats,https://res.cloudinary.com/dipchhasm/image/upload/v1760954322/Olive_Parka_ipx8bc.png
Olive sweater,Sweaters & Knits,https://res.cloudinary.com/dipchhasm/image/upload/v1760954322/Olive_sweater_rjuozk.jpg
Olive Henley,T-Shirts & Casual Tops,https://res.cloudinary.com/dipchhasm/image/upload/v1760954322/Olive_Henley_oace6h.jpg
Olive green sweater,Sweaters & Knits,https://res.cloudinary.com/dipchhasm/image/upload/v1760954322/Olive_green_sweater_pc19nj.jpg
Off-White Square Neck Top,Blouses & Tops,https://res.cloudinary.com/dipchhasm/image/upload/v1760954322/Off-White_Square_Neck_Top_xzgo4g.jpg
Olive Green Cargo Pants,Trousers & Pants,https://res.cloudinary.com/dipchhasm/image/upload/v1760954322/Olive_Green_Cargo_Pants_zbhtht.jpg
Off-White Lace Cocktail Dress,Dresses,https://res.cloudinary.com/dipchhasm/image/upload/v1760954322/Off-White_Lace_Cocktail_Dress_g5eoo6.png
Olive Chukka Boots,Shoes,https://res.cloudinary.com/dipchhasm/image/upload/v1760954322/Olive_Chukka_Boots_des1ng.png
Olive Cargo Shorts,Shorts,https://res.cloudinary.com/dipchhasm/image/upload/v1760954322/Olive_Cargo_Shorts_jrty4q.jpg
Oatmeal Basic Tee,T-Shirts & Casual Tops,https://res.cloudinary.com/dipchhasm/image/upload/v1760954321/Oatmeal_Basic_Tee_vowl48.jpg
Navy V-Neck Top Long Sleeve,Blouses & Tops,https://res.cloudinary.com/dipchhasm/image/upload/v1760954310/Navy_V-Neck_Top_Long_Sleeve_cq9r8f.jpg
Navy V-Neck Jumpsuit,Jumpsuits & Rompers,https://res.cloudinary.com/dipchhasm/image/upload/v1760954310/Navy_V-Neck_Jumpsuit_grxlff.png
Navy Leather Watch,Bags & Accessories,https://res.cloudinary.com/dipchhasm/image/upload/v1760954310/Navy_Leather_Watch_uvjn5u.png
Navy Suede Loafers,Shoes,https://res.cloudinary.com/dipchhasm/image/upload/v1760954309/Navy_Suede_Loafers_vxovpk.png
Navy Striped Tee,T-Shirts & Casual Tops,https://res.cloudinary.com/dipchhasm/image/upload/v1760954309/Navy_Striped_Tee_sxrzur.jpg
Navy Scarf,Scarves & Ties,https://res.cloudinary.com/dipchhasm/image/upload/v1760954309/Navy_Scarf_y7f2nj.png
Navy Parka,Coats,https://res.cloudinary.com/dipchhasm/image/upload/v1760954309/Navy_Parka_ipwkkn.png
Navy Dress Shoes,Shoes,https://res.cloudinary.com/dipchhasm/image/upload/v1760954309/Navy_Dress_Shoes_zcnzvd.png
Navy Corduroy Jacket,Blazers & Jackets,https://res.cloudinary.com/dipchhasm/image/upload/v1760954309/Navy_Corduroy_Jacket_wytkuh.png
Navy Denim Jacket,Blazers & Jackets,https://res.cloudinary.com/dipchhasm/image/upload/v1760954309/Navy_Denim_Jacket_piik9j.png
Navy Closed-Toe Pumps,Shoes,https://res.cloudinary.com/dipchhasm/image/upload/v1760954309/Navy_Closed-Toe_Pumps_nhbkwr.png
Navy Classic Midi Dress,Dresses,https://res.cloudinary.com/dipchhasm/image/upload/v1760954308/Navy_Classic_Midi_Dress_yg72jq.png
Navy Chino,Trousers & Pants,https://res.cloudinary.com/dipchhasm/image/upload/v1760954308/Navy_Chino_pourou.jpg
Navy Chino Shorts,Shorts,https://res.cloudinary.com/dipchhasm/image/upload/v1760954308/Navy_Chino_Shorts_ques3e.jpg
Navy Boat Neck Top,Blouses & Tops,https://res.cloudinary.com/dipchhasm/image/upload/v1760954298/Navy_Boat_Neck_Top_qc2hos.jpg
Navy blue sweater,Sweaters & Knits,https://res.cloudinary.com/dipchhasm/image/upload/v1760954298/Navy_blue_sweater_f1kafx.jpg
Navy Blue Polo Shirt,Shirts,https://res.cloudinary.com/dipchhasm/image/upload/v1760954298/Navy_Blue_Polo_Shirt_yt73vv.jpg
Navy Backpack,Bags & Accessories,https://res.cloudinary.com/dipchhasm/image/upload/v1760954298/Navy_Backpack_ykrvxo.png
navy blue jeans,Jeans & Denim,https://res.cloudinary.com/dipchhasm/image/upload/v1760954298/navy_blue_jeans_rqqsz2.jpg
Navy A-Line Skirt,Skirts,https://res.cloudinary.com/dipchhasm/image/upload/v1760954298/Navy_A-Line_Skirt_qhgxla.png
Mustard yellow sweater,Sweaters & Knits,https://res.cloudinary.com/dipchhasm/image/upload/v1760954298/Mustard_yellow_sweater_yzakhl.jpg
Mustard Yellow Longsleeve,T-Shirts & Casual Tops,https://res.cloudinary.com/dipchhasm/image/upload/v1760954297/Mustard_Yellow_Longsleeve_tgkk67.jpg
Mushroom Suede Jacket,Blazers & Jackets,https://res.cloudinary.com/dipchhasm/image/upload/v1760954297/Mushroom_Suede_Jacket_ndqz2a.png
Mushroom Long-Sleeve Fit-and-Flare Dress,Dresses,https://res.cloudinary.com/dipchhasm/image/upload/v1760954297/Mushroom_Long-Sleeve_Fit-and-Flare_Dress_sp2ejo.png
Mushroom crewneck,Sweaters & Knits,https://res.cloudinary.com/dipchhasm/image/upload/v1760954297/Mushroom_crewneck_nqzuy7.jpg
Mixed Metal Stackable Rings,Bags & Accessories,https://res.cloudinary.com/dipchhasm/image/upload/v1760954286/Mixed_Metal_Stackable_Rings_ht9v3t.png
Mixed Metal Watch,Bags & Accessories,https://res.cloudinary.com/dipchhasm/image/upload/v1760954286/Mixed_Metal_Watch_t9eugj.png
mushroom corduroy pants,Trousers & Pants,https://res.cloudinary.com/dipchhasm/image/upload/v1760954286/mushroom_corduroy_pants_a5ok5d.jpg
medium wash denim jeans,Jeans & Denim,https://res.cloudinary.com/dipchhasm/image/upload/v1760954285/medium_wash_denim_jeans_dstqpo.jpg
Mint Green Polo Shirt,Shirts,https://res.cloudinary.com/dipchhasm/image/upload/v1760954285/Mint_Green_Polo_Shirt_r5ajmi.jpg
Lavender Squareneck Romper,Jumpsuits & Rompers,https://res.cloudinary.com/dipchhasm/image/upload/v1760954285/Lavender_Squareneck_Romper_bgvypt.png
Leather Brown Crossbody Bag,Bags & Accessories,https://res.cloudinary.com/dipchhasm/image/upload/v1760954285/Leather_Brown_Crossbody_Bag_fg9c3u.png
Medium Wash Denim Jacket,Blazers & Jackets,https://res.cloudinary.com/dipchhasm/image/upload/v1760954285/Medium_Wash_Denim_Jacket_vf1fpk.png
Lavender Spaghetti-Strap Sundress,Dresses,https://res.cloudinary.com/dipchhasm/image/upload/v1760954285/Lavender_Spaghetti-Strap_Sundress_kepquh.png
Lavender Silk Blouse,Blouses & Tops,https://res.cloudinary.com/dipchhasm/image/upload/v1760954285/Lavender_Silk_Blouse_prf1sb.jpg
Lavender Polo,T-Shirts & Casual Tops,https://res.cloudinary.com/dipchhasm/image/upload/v1760954284/Lavender_Polo_gxxrqs.jpg
Lavender knit,Sweaters & Knits,https://res.cloudinary.com/dipchhasm/image/upload/v1760954270/Lavender_knit_m8cmae.jpg
Icy Blue Long-Sleeve,T-Shirts & Casual Tops,https://res.cloudinary.com/dipchhasm/image/upload/v1760954270/Icy_Blue_Long-Sleeve_e216av.jpg
Icy blue oxford,Shirts,https://res.cloudinary.com/dipchhasm/image/upload/v1760954270/Icy_blue_oxford_dvavgr.jpg
Ice gray sweater,Sweaters & Knits,https://res.cloudinary.com/dipchhasm/image/upload/v1760954269/Ice_gray_sweater_bt6p52.jpg
Honey Ruffled Top,Blouses & Tops,https://res.cloudinary.com/dipchhasm/image/upload/v1760954269/Honey_Ruffled_Top_fjzu2w.jpg
Honey Maxi Dress,Dresses,https://res.cloudinary.com/dipchhasm/image/upload/v1760954269/Honey_Maxi_Dress_yja3if.png
Heather Gray Peplum Top,Blouses & Tops,https://res.cloudinary.com/dipchhasm/image/upload/v1760954269/Heather_Gray_Peplum_Top_viyll1.jpg
Honey Pleated Skirt,Skirts,https://res.cloudinary.com/dipchhasm/image/upload/v1760954269/Honey_Pleated_Skirt_nad3xl.jpg
Honey Maxi Dress,Dresses,https://res.cloudinary.com/dipchhasm/image/upload/v1760954269/Honey_Maxi_Dress_z6g0xn.jpg
Heather Tweed Blazer,Blazers & Jackets,https://res.cloudinary.com/dipchhasm/image/upload/v1760954269/Heather_Tweed_Blazer_kflami.png
Heather Long Coat,Coats,https://res.cloudinary.com/dipchhasm/image/upload/v1760954268/Heather_Long_Coat_kqvxah.png
Heather Gray Shift Dress,Dresses,https://res.cloudinary.com/dipchhasm/image/upload/v1760954268/Heather_Gray_Shift_Dress_gu6hcn.png
Heather Gray Tee,T-Shirts & Casual Tops,https://res.cloudinary.com/dipchhasm/image/upload/v1760954268/Heather_Gray_Tee_jualsw.jpg
Heather Gray Off-Shoulder Top,Blouses & Tops,https://res.cloudinary.com/dipchhasm/image/upload/v1760954268/Heather_Gray_Off-Shoulder_Top_mscf44.jpg
Heather Gray High-Waist Skirt,Skirts,https://res.cloudinary.com/dipchhasm/image/upload/v1760954267/Heather_Gray_High-Waist_Skirt_cim7fc.png
Green Denim Jacket,Blazers & Jackets,https://res.cloudinary.com/dipchhasm/image/upload/v1760954267/Green_Denim_Jacket_gozqx3.png
Heather Gray Flannel,Shirts,https://res.cloudinary.com/dipchhasm/image/upload/v1760954267/Heather_Gray_Flannel_Shirt_biy6mm.jpg
Gray Scarf,Scarves & Ties,https://res.cloudinary.com/dipchhasm/image/upload/v1760954267/Gray_Scarf_ribrmh.png
Heather gray cardigan,Sweaters & Knits,https://res.cloudinary.com/dipchhasm/image/upload/v1760954267/Heather_gray_cardigan_z5wn4h.jpg
Greige Wide-Leg Trousers,Trousers & Pants,https://res.cloudinary.com/dipchhasm/image/upload/v1760954267/Greige_Wide-Leg_Trousers_wm4joz.jpg
Gray-Blue Denim,Jeans & Denim,https://res.cloudinary.com/dipchhasm/image/upload/v1760954267/Gray-Blue_Denim_trepvv.jpg
Gray Overcoat,Coats,https://res.cloudinary.com/dipchhasm/image/upload/v1760954266/Gray_Overcoat_ah0uxj.png
Gray Silk Tie,Scarves & Ties,https://res.cloudinary.com/dipchhasm/image/upload/v1760954266/Gray_Silk_Tie_dqn7nv.png
Gray Running Shoes,Shoes,https://res.cloudinary.com/dipchhasm/image/upload/v1760954266/Gray_Running_Shoes_metxoi.png
Gray Wide-Leg Trousers,Trousers & Pants,https://res.cloudinary.com/dipchhasm/image/upload/v1760954266/Gray_Wide-Leg_Trousers_iu0q2i.jpg
Gray Leather Belt,Bags & Accessories,https://res.cloudinary.com/dipchhasm/image/upload/v1760954258/Gray_Leather_Belt_hoykmb.png
Gray Blazer,Blazers & Jackets,https://res.cloudinary.com/dipchhasm/image/upload/v1760954258/Gray_Blazer_a4ds1z.png
Gray Denim,Jeans & Denim,https://res.cloudinary.com/dipchhasm/image/upload/v1760954258/Gray_Denim_ps3f4a.jpg
Gray Backpack,Bags & Accessories,https://res.cloudinary.com/dipchhasm/image/upload/v1760954257/Gray_Backpack_yi1mxl.png
Golden Yellow Slide Sandals,Shoes,https://res.cloudinary.com/dipchhasm/image/upload/v1760954257/Golden_Yellow_Slide_Sandals_tyrbu8.png
Golden Yellow Shift Dress,Dresses,https://res.cloudinary.com/dipchhasm/image/upload/v1760954257/Golden_Yellow_vhwuzd.png
Golden yellow shirt,Shirts,https://res.cloudinary.com/dipchhasm/image/upload/v1760954257/Golden_yellow_shirt_tuhsao.jpg
Golden Yellow Peplum Top,Blouses & Tops,https://res.cloudinary.com/dipchhasm/image/upload/v1760954257/Golden_Yellow_Peplum_Top_upbmyc.jpg
golden brown jeans,Jeans & Denim,https://res.cloudinary.com/dipchhasm/image/upload/v1760954256/golden_brown_jeans_dvtnxs.jpg
Gold Watch,Bags & Accessories,https://res.cloudinary.com/dipchhasm/image/upload/v1760954256/Gold_Watch_klimvr.png
Gold Stackable Rings,Bags & Accessories,https://res.cloudinary.com/dipchhasm/image/upload/v1760954256/Gold_Stackable_Rings_vc9kfa.png
Gold Accent Tie,Scarves & Ties,https://res.cloudinary.com/dipchhasm/image/upload/v1760954256/Gold_Accent_Tie_algrdw.png
White Fabric Headband,Bags & Accessories,https://res.cloudinary.com/dipchhasm/image/upload/v1760954256/Female_White_Fabric_Headband_jovlym.png
Silver Pendant Necklace,Bags & Accessories,https://res.cloudinary.com/dipchhasm/image/upload/v1760954256/Female_Silver_Pendant_Necklace_znmxwa.png
Silver Midi Rings,Bags & Accessories,https://res.cloudinary.com/dipchhasm/image/upload/v1760954256/Female_Silver_Midi_Rings_wkmrov.png
Silver Hoop Earrings,Bags & Accessories,https://res.cloudinary.com/dipchhasm/image/upload/v1760954245/Female_Silver_Hoop_Earrings_hjiomk.png
Rose Gold Stud Earrings,Bags & Accessories,https://res.cloudinary.com/dipchhasm/image/upload/v1760954225/Female_Rose_Gold_Stud_Earrings_lhx4pz.png
Rose Gold Accent Rings,Bags & Accessories,https://res.cloudinary.com/dipchhasm/image/upload/v1760954197/Female_Rose_Gold_Accent_Rings_vsfn3g.png
Pearl Earrings,Bags & Accessories,https://res.cloudinary.com/dipchhasm/image/upload/v1760954190/Female_Pearl_Earrings_qlaeq7.png
Mixed Metal Bangle,Bags & Accessories,https://res.cloudinary.com/dipchhasm/image/upload/v1760954189/Female_Mixed_Metal_Bangle_ttelcp.png
Minimalist Metal Bracelet,Bags & Accessories,https://res.cloudinary.com/dipchhasm/image/upload/v1760954189/Female_Minimalist_Metal_Bracelet_cjghu4.png
Metal Claw Hair Clip - Silver,Bags & Accessories,https://res.cloudinary.com/dipchhasm/image/upload/v1760954189/Female_Metal_Claw_Hair_Clip_-_Silver_f4jmgd.png
Gold Stackable Rings,Bags & Accessories,https://res.cloudinary.com/dipchhasm/image/upload/v1760954189/Female_Gold_Stackable_Rings_xy9hwf.png
Gold Charms Necklace,Bags & Accessories,https://res.cloudinary.com/dipchhasm/image/upload/v1760954189/Female_Gold_Charms_Necklace_fhlfg0.png
Emerald Silk Halter Top,Blouses & Tops,https://res.cloudinary.com/dipchhasm/image/upload/v1760954182/Emerald_Silk_Halter_Top_wo5kw0.jpg
Emerald One Side Jumpsuit,Jumpsuits & Rompers,https://res.cloudinary.com/dipchhasm/image/upload/v1760954181/Emerald_One_Side_Jumpsuit_leczgm.png
Emerald Maxi Skirt,Skirts,https://res.cloudinary.com/dipchhasm/image/upload/v1760954181/Emerald_Maxi_Skirt_kom29e.png
Emerald Floor-Length Evening Gown,Dresses,https://res.cloudinary.com/dipchhasm/image/upload/v1760954181/Emerald_Floor-Length_Evening_Gown_dfwu4v.png
Emerald green knit,Sweaters & Knits,https://res.cloudinary.com/dipchhasm/image/upload/v1760954181/Emerald_green_knit_q1td8l.jpg
Dusty Rose Wrap Skirt,Skirts,https://res.cloudinary.com/dipchhasm/image/upload/v1760954181/Dusty_Rose_Wrap_Skirt_nocdnz.png
Dusty Rose Tiered Sundress,Dresses,https://res.cloudinary.com/dipchhasm/image/upload/v1760954181/Dusty_Rose_Tiered_Sundress_nhgmqs.png
Dusty Rose Flats,Shoes,https://res.cloudinary.com/dipchhasm/image/upload/v1760954181/Dusty_Rose_Flats_u8h2uk.png
Dusty Rose Square Neck Top,Blouses & Tops,https://res.cloudinary.com/dipchhasm/image/upload/v1760954181/Dusty_Rose_Square_Neck_Top_n066vb.jpg
Dusty Rose Polo Shirt,Shirts,https://res.cloudinary.com/dipchhasm/image/upload/v1760954180/Dusty_Rose_Polo_Shirt_vqteri.jpg
Denim slacks,Trousers & Pants,https://res.cloudinary.com/dipchhasm/image/upload/v1760954180/Denim_slacks_i28q2m.jpg
Denim blue sweater,Sweaters & Knits,https://res.cloudinary.com/dipchhasm/image/upload/v1760954180/Denim_blue_sweater_zodnfv.jpg
denim shorts,Shorts,https://res.cloudinary.com/dipchhasm/image/upload/v1760954180/denim_shorts_emhuvv.jpg
Denim Blue Polo Shirt,T-Shirts & Casual Tops,https://res.cloudinary.com/dipchhasm/image/upload/v1760954175/Denim_Blue_Polo_Shirt_vjrai1.jpg
Crisp White Shirt,Shirts,https://res.cloudinary.com/dipchhasm/image/upload/v1760954174/Crisp_White_Shirt_afehqc.jpg
dark indigo jeans,Jeans & Denim,https://res.cloudinary.com/dipchhasm/image/upload/v1760954175/dark_indigo_jeans_x7ngvr.jpg
Crisp White Off-Shoulder Cocktail Dress,Dresses,https://res.cloudinary.com/dipchhasm/image/upload/v1760954174/Crisp_White_Off-Shoulder_Cocktail_Dress_z6lpkm.png
Coral Wrap Dress,Dresses,https://res.cloudinary.com/dipchhasm/image/upload/v1760954174/Coral_Wrap_Dress_b0cxs4.png
Crisp White Blouse,Blouses & Tops,https://res.cloudinary.com/dipchhasm/image/upload/v1760954174/Crisp_White_Blouse_yibila.jpg
Coral Wrap Skirt,Skirts,https://res.cloudinary.com/dipchhasm/image/upload/v1760954174/Coral_Wrap_Skirt_mstp2f.png
Cream dress shirt,Shirts,https://res.cloudinary.com/dipchhasm/image/upload/v1760954174/Cream_dress_shirt_wdsfdc.jpg
Coral V-Neck with ruffles Romper,Jumpsuits & Rompers,https://res.cloudinary.com/dipchhasm/image/upload/v1760954174/Coral_V-Neck_with_ruffles_Romper_tafr84.png
Coral Wrap Dress,Dresses,https://res.cloudinary.com/dipchhasm/image/upload/v1760954174/Coral_Wrap_Dress_gsbnwu.jpg
Coral Silk Blouse,Blouses & Tops,https://res.cloudinary.com/dipchhasm/image/upload/v1760954173/Coral_Silk_Blouse_o85zwz.jpg
Coral Pink Off Shoulder,Blouses & Tops,https://res.cloudinary.com/dipchhasm/image/upload/v1760954169/Coral_Pink_Off_Shoulder_ofgqc1.jpg
Cool Gray Tweed Blazer,Blazers & Jackets,https://res.cloudinary.com/dipchhasm/image/upload/v1760954169/Cool_Gray_Tweed_Blazer_vgljmh.png
Coral linen shirt,Shirts,https://res.cloudinary.com/dipchhasm/image/upload/v1760954169/Coral_linen_shirt_jofj4j.jpg
Cool Gray Slacks,Trousers & Pants,https://res.cloudinary.com/dipchhasm/image/upload/v1760954168/Cool_Gray_Slacks_q36flt.jpg
Cool Gray High-Waist Skirt,Skirts,https://res.cloudinary.com/dipchhasm/image/upload/v1760954168/Cool_Gray_High-Waist_Skirt_pgqzyr.png
Cool Gray Long Coat,Coats,https://res.cloudinary.com/dipchhasm/image/upload/v1760954168/Cool_Gray_Long_Coat_wrovce.png
Cognac Open-Toe Sandals,Shoes,https://res.cloudinary.com/dipchhasm/image/upload/v1760954168/Cognac_Open-Toe_Sandals_eqaq6h.png
Cognac Suede Jacket,Blazers & Jackets,https://res.cloudinary.com/dipchhasm/image/upload/v1760954168/Cognac_Suede_Jacket_dsfze3.png
Cognac Long Coat,Coats,https://res.cloudinary.com/dipchhasm/image/upload/v1760954166/Cognac_Long_Coat_vnftps.png
Cognac Loafers,Shoes,https://res.cloudinary.com/dipchhasm/image/upload/v1760954164/Cognac_Loafers_uvia0s.png
Cinnamon crewneck,Sweaters & Knits,https://res.cloudinary.com/dipchhasm/image/upload/v1760954163/Cinnamon_crewneck_lnmyyp.jpg
Cognac Leather Pants,Trousers & Pants,https://res.cloudinary.com/dipchhasm/image/upload/v1760954163/Cognac_Leather_Pants_dflqlu.jpg
Classic White Sneakers,Shoes,https://res.cloudinary.com/dipchhasm/image/upload/v1760954163/Classic_White_Sneakers_dqmauz.png
Classic White Shirt,Shirts,https://res.cloudinary.com/dipchhasm/image/upload/v1760954163/Classic_White_Shirt_e9xa1t.jpg
Classic Black Strapless Evening Gown,Dresses,https://res.cloudinary.com/dipchhasm/image/upload/v1760954163/Classic_Black_Strapless_Evening_Gown_mzlc1s.png
Charcoal turtleneck,Sweaters & Knits,https://res.cloudinary.com/dipchhasm/image/upload/v1760954163/Charcoal_turtleneck_gpib1e.jpg
Charcoal T-Shirt Dress,Dresses,https://res.cloudinary.com/dipchhasm/image/upload/v1760954161/Charcoal_T-Shirt_Dress_az8smm.png
charcoal trousers,Trousers & Pants,https://res.cloudinary.com/dipchhasm/image/upload/v1760954160/charcoal_trousers_exlpwp.jpg
Charcoal Silk Tie,Scarves & Ties,https://res.cloudinary.com/dipchhasm/image/upload/v1760954159/Charcoal_Silk_Tie_mtadfq.png
Charcoal Slip-On Shoes,Shoes,https://res.cloudinary.com/dipchhasm/image/upload/v1760954159/Charcoal_Slip-On_Shoes_p8t0vo.png
Charcoal Pencil Skirt,Skirts,https://res.cloudinary.com/dipchhasm/image/upload/v1760954159/Charcoal_Pencil_Skirt_szv2za.png
Charcoal Overcoat,Coats,https://res.cloudinary.com/dipchhasm/image/upload/v1760954157/Charcoal_Overcoat_s1dpgj.png
Charcoal Blazer,Blazers & Jackets,https://res.cloudinary.com/dipchhasm/image/upload/v1760954154/Charcoal_Blazer_rylxwu.png
Charcoal Chelsea Boots,Shoes,https://res.cloudinary.com/dipchhasm/image/upload/v1760954154/Charcoal_Chelsea_Boots_tfdx9u.png
Charcoal Belted Shirt Dress,Dresses,https://res.cloudinary.com/dipchhasm/image/upload/v1760954153/Charcoal_Belted_Shirt_Dress_nkydw6.png
Charcoal Bermuda Shorts,Shorts,https://res.cloudinary.com/dipchhasm/image/upload/v1760954153/Charcoal_Bermuda_Shorts_psw3ep.jpg
Charcoal Basic Tee,T-Shirts & Casual Tops,https://res.cloudinary.com/dipchhasm/image/upload/v1760954153/Charcoal_Basic_Tee_cvgpyo.jpg
Caramel turtleneck,Sweaters & Knits,https://res.cloudinary.com/dipchhasm/image/upload/v1760954152/Caramel_turtleneck_s1oxlj.jpg
Camel T-Shirt Dress,Dresses,https://res.cloudinary.com/dipchhasm/image/upload/v1760954152/Camel_T-Shirt_Dress_nt2jwr.png
Camel Pencil Skirt,Skirts,https://res.cloudinary.com/dipchhasm/image/upload/v1760954152/Camel_Pencil_Skirt_wgvxed.jpg
Camel Trousers,Trousers & Pants,https://res.cloudinary.com/dipchhasm/image/upload/v1760954152/Camel_Trousers_wcb9yc.jpg
Camel Overcoat,Coats,https://res.cloudinary.com/dipchhasm/image/upload/v1760954152/Camel_Overcoat_c6lls5.png
Camel Pencil Skirt,Skirts,https://res.cloudinary.com/dipchhasm/image/upload/v1760954152/Camel_Pencil_Skir_kzzc0y.jpg
Camel Hiking Boots,Shoes,https://res.cloudinary.com/dipchhasm/image/upload/v1760954152/Camel_Hiking_Boots_dft48o.png
Camel Halter Top,Blouses & Tops,https://res.cloudinary.com/dipchhasm/image/upload/v1760954144/Camel_Halter_Top_modwil.jpg
camel colored jeans,Jeans & Denim,https://res.cloudinary.com/dipchhasm/image/upload/v1760954143/camel_colored_jeans_xryrot.jpg
Camel Chino Shorts,Shorts,https://res.cloudinary.com/dipchhasm/image/upload/v1760954143/Camel_Chino_Shorts_k9vv28.jpg
Camel button-down,Shirts,https://res.cloudinary.com/dipchhasm/image/upload/v1760954143/Camel_button-down_mugjqk.jpg
Camel Blazer,Blazers & Jackets,https://res.cloudinary.com/dipchhasm/image/upload/v1760954143/Camel_Blazer_u9ghrp.png
Camel Basic Tee,T-Shirts & Casual Tops,https://res.cloudinary.com/dipchhasm/image/upload/v1760954143/Camel_Basic_Tee_azf9ly.jpg
Camel Backpack,Bags & Accessories,https://res.cloudinary.com/dipchhasm/image/upload/v1760954143/Camel_Backpack_oju801.png
Burnt orange knit,Sweaters & Knits,https://res.cloudinary.com/dipchhasm/image/upload/v1760954142/Burnt_orange_knit_qyj9jk.jpg
Camel Asymmetric Short Sleeve Wide Leg Jumpsuit,Jumpsuits & Rompers,https://res.cloudinary.com/dipchhasm/image/upload/v1760954143/Camel_Asymmetric_Short_Sleeve_Wide_Leg_Jumpsuit_zfnmdt.jpg
Burnt Orange Fit-and-Flare Dress,Dresses,https://res.cloudinary.com/dipchhasm/image/upload/v1760954142/Burnt_Orange_Fit-and-Flare_Dress_gd3oqa.png
Camel Ankle Boots,Shoes,https://res.cloudinary.com/dipchhasm/image/upload/v1760954142/Camel_Ankle_Boots_os8egn.png
Burnt Sienna Polo Shirt,T-Shirts & Casual Tops,https://res.cloudinary.com/dipchhasm/image/upload/v1760954142/Burnt_Sienna_Polo_Shirt_g2gbnk.jpg
Burgundy Long Coat,Coats,https://res.cloudinary.com/dipchhasm/image/upload/v1760954142/Burgundy_Long_Coat_vg4zwg.png
Brown Leather Watch,Bags & Accessories,https://res.cloudinary.com/dipchhasm/image/upload/v1760954142/Brown_Leather_Watch_lgk9l9.png
Blush Beige T-Shirt Dress,Dresses,https://res.cloudinary.com/dipchhasm/image/upload/v1760954142/Blush_Beige_T-Shirt_Dress_fajvrb.png
Brown Leather Oxford Shoes,Shoes,https://res.cloudinary.com/dipchhasm/image/upload/v1760954142/Brown_Leather_Oxford_Shoes_wtrim4.png
Blush Beige Square-Neck Midi Dress,Dresses,https://res.cloudinary.com/dipchhasm/image/upload/v1760954141/Blush_Beige_Square-Neck_Midi_Dress_g4hhgc.png
Brown Leather Loafers,Shoes,https://res.cloudinary.com/dipchhasm/image/upload/v1760954141/Brown_Leather_Loafers_itwguk.png
Blush Beige Ruffled Wrap Dress,Dresses,https://res.cloudinary.com/dipchhasm/image/upload/v1760954141/Blush_Beige_Ruffled_Wrap_Dress_gypxhm.png
Brown Leather Jacket,Blazers & Jackets,https://res.cloudinary.com/dipchhasm/image/upload/v1760954141/Brown_Leather_Jacket_aqhlxg.png
brown Lace-Up Boots,Shoes,https://res.cloudinary.com/dipchhasm/image/upload/v1760954141/brown_Lace-Up_Boots_pelbqo.png
Brown Leather Belt,Bags & Accessories,https://res.cloudinary.com/dipchhasm/image/upload/v1760954141/Brown_Leather_Belt_j6kket.png
Blush Beige Platform Heels,Shoes,https://res.cloudinary.com/dipchhasm/image/upload/v1760954141/Blush_Beige_Platform_Heels_px4mcy.png
Blush Beige Midi Skirt,Skirts,https://res.cloudinary.com/dipchhasm/image/upload/v1760954141/Blush_Beige_Midi_Skirt_waasxv.png
Black V-Neck Jumpsuit,Jumpsuits & Rompers,https://res.cloudinary.com/dipchhasm/image/upload/v1760954140/Black_V-Neck_Jumpsuit_a6jpaj.png
Black Tote Bag,Bags & Accessories,https://res.cloudinary.com/dipchhasm/image/upload/v1760954140/Black_Tote_Bag_gv74xw.png
Black Leather Watch,Bags & Accessories,https://res.cloudinary.com/dipchhasm/image/upload/v1760954140/Black_Leather_Watch_xtj9yw.png
Black Trench Coat,Coats,https://res.cloudinary.com/dipchhasm/image/upload/v1760954140/Black_Trench_Coat_mtbvnr.png
Black Square Sunglasses,Bags & Accessories,https://res.cloudinary.com/dipchhasm/image/upload/v1760954140/Black_Square_Sunglasses_z3vypu.png
Black Pointed Stilettos,Shoes,https://res.cloudinary.com/dipchhasm/image/upload/v1760954140/Black_Pointed_Stilettos_asqvwu.png
Brown Corduroy Pants,Trousers & Pants,https://res.cloudinary.com/dipchhasm/image/upload/v1760954139/Brown_Corduroy_Pants_x8nvxh.jpg
Bronze Evening Gown,Dresses,https://res.cloudinary.com/dipchhasm/image/upload/v1760954139/Bronze_Evening_Gown_retip9.png
Black Leather Jacket,Blazers & Jackets,https://res.cloudinary.com/dipchhasm/image/upload/v1760954139/Black_Leather_Jacket_fvjvfq.png
Black Leather Belt,Bags & Accessories,https://res.cloudinary.com/dipchhasm/image/upload/v1760954139/Black_Leather_Belt_xb1jjr.png
bronze maxi skirt,Skirts,https://res.cloudinary.com/dipchhasm/image/upload/v1760954139/bronze_maxi_skirt_d4wwyb.jpg
Bronze Evening Gown V-Neck,Dresses,https://res.cloudinary.com/dipchhasm/image/upload/v1760954139/Bronze_Evening_Gown_V-Neck_winsqy.jpg
Blush Beige Wrap Top,Blouses & Tops,https://res.cloudinary.com/dipchhasm/image/upload/v1760954138/Blush_Beige_Wrap_Top_qrhwoo.jpg
Black Jeans,Jeans & Denim,https://res.cloudinary.com/dipchhasm/image/upload/v1760954138/Black_Jeans_bspv6k.jpg
sample,Uncategorized,https://res.cloudinary.com/dipchhasm/image/upload/v1760948843/sample.jpg
    